{
	"groups":[
	{
		"keys":"bgImage,egretIcon,hero-01_png,hero-02_png,hero-03_png,hero-04_png,btn_start_png,bombeffect_json,diamod1_png,diamod2_png,diamod3_png,diamod4_png,diamod5_png,diamod6_png,endBG_png,beginBtn_press_png,beginBtn_png,sdiamod1_png,sdiamod2_png,sdiamod3_png,sdiamod4_png,sdiamod5_png,sdiamod6_png,loadingbar_png",
		"name":"preload"
	},
	  {
		"keys":"loadingbar_png",
		"name":"loading"
	  }],
	"resources":[
	{
		"name":"bgImage",
		"type":"image",
		"url":"assets/bg.jpg"
	},
	{
		"name":"egretIcon",
		"type":"image",
		"url":"assets/egret_icon.png"
	},
	{
		"name":"description",
		"type":"json",
		"url":"config/description.json"
	},
	{
		"name":"hero-01_png",
		"type":"image",
		"url":"assets/hero-01.png"
	},
	{
		"name":"hero-02_png",
		"type":"image",
		"url":"assets/hero-02.png"
	},
	{
		"name":"hero-03_png",
		"type":"image",
		"url":"assets/hero-03.png"
	},
	{
		"name":"hero-04_png",
		"type":"image",
		"url":"assets/hero-04.png"
	},
	{
		"name":"btn_start_png",
		"type":"image",
		"url":"assets/btn_start.png"
	},
	{
		"name":"bombeffect_json",
		"subkeys":"bomb1,bomb2,bomb3,bomb4,bomb5,bomb6",
		"type":"sheet",
		"url":"assets/bombeffect.json"
	},
	{
		"name":"diamod1_png",
		"type":"image",
		"url":"assets/diamod1.png"
	},
	{
		"name":"diamod2_png",
		"type":"image",
		"url":"assets/diamod2.png"
	},
	{
		"name":"diamod3_png",
		"type":"image",
		"url":"assets/diamod3.png"
	},
	{
		"name":"diamod4_png",
		"type":"image",
		"url":"assets/diamod4.png"
	},
	{
		"name":"diamod5_png",
		"type":"image",
		"url":"assets/diamod5.png"
	},
	{
		"name":"diamod6_png",
		"type":"image",
		"url":"assets/diamod6.png"
	},
	{
		"name":"endBG_png",
		"type":"image",
		"url":"assets/endBG.png"
	},
	{
		"name":"beginBtn_press_png",
		"type":"image",
		"url":"assets/beginBtn_press.png"
	},
	{
		"name":"beginBtn_png",
		"type":"image",
		"url":"assets/beginBtn.png"
	},
	{
		"name":"sdiamod1_png",
		"type":"image",
		"url":"assets/sdiamod1.png"
	},
	{
		"name":"sdiamod2_png",
		"type":"image",
		"url":"assets/sdiamod2.png"
	},
	{
		"name":"sdiamod3_png",
		"type":"image",
		"url":"assets/sdiamod3.png"
	},
	{
		"name":"sdiamod4_png",
		"type":"image",
		"url":"assets/sdiamod4.png"
	},
	{
		"name":"sdiamod5_png",
		"type":"image",
		"url":"assets/sdiamod5.png"
	},
	{
		"name":"sdiamod6_png",
		"type":"image",
		"url":"assets/sdiamod6.png"
	},
	{
		"name":"loadingbar_png",
		"type":"image",
		"url":"assets/loadingbar.png"
	}]
}